C,num_nonzero_features,average_precision
0.0001,11,0.0893213438018026
0.0003,24,0.11128951366666885
0.001,44,0.10868154449370188
0.003,80,0.10908386305584315
0.01,127,0.10652762559174443
0.1,197,0.10692732832182647
1.0,209,0.10712658824480872
